kind,etag,id,contentDetails.videoId,contentDetails.videoPublishedAt,party,party_label
youtube#playlistItem,9L9zUrcb5tfEcbkjdYJbMfDMD2c,VVVLeVdJRXNlM3U3RXhLZkFXdURNVm53LmlXTlFXay1kMzJN,iWNQWk-d32M,2022-01-31T13:32:57Z,cdu,CDU
youtube#playlistItem,KiBzaJJuoRtFVLmTplpHiDe8G-M,VVVLeVdJRXNlM3U3RXhLZkFXdURNVm53LjhhcUVWNVNhNGQ0,8aqEV5Sa4d4,2022-01-31T08:19:26Z,cdu,CDU
youtube#playlistItem,i717GA3dgkQjxueHymFervZPxGs,VVVLeVdJRXNlM3U3RXhLZkFXdURNVm53LlpUbDRUN0laVTUw,ZTl4T7IZU50,2022-01-25T17:54:27Z,cdu,CDU
youtube#playlistItem,_Vgf5A-OFtX1bKMTCcfiflfT094,VVVLeVdJRXNlM3U3RXhLZkFXdURNVm53Lk5BaGx6U0xHRGhZ,NAhlzSLGDhY,2022-01-25T12:15:00Z,cdu,CDU
youtube#playlistItem,Kj1hCFCCQqfjRuS2OyWyeJ-DCDo,VVVLeVdJRXNlM3U3RXhLZkFXdURNVm53Lks5QkxfZlo5cU5z,K9BL_fZ9qNs,2022-01-24T10:40:54Z,cdu,CDU
youtube#playlistItem,1aex07uIDwMMeMjBvq4Cj-z2KMw,VVVLeVdJRXNlM3U3RXhLZkFXdURNVm53LmYySm5NT0JKVGFN,f2JnMOBJTaM,2022-01-24T10:33:25Z,cdu,CDU
youtube#playlistItem,9R2S1o6coXHamSLYFNiPh_KCh3Q,VVVLeVdJRXNlM3U3RXhLZkFXdURNVm53LkFURXFVZ0g3MWVr,ATEqUgH71ek,2022-01-24T09:56:22Z,cdu,CDU
youtube#playlistItem,2i9fMSceZ7EvLAQnjcsUyMC5TS4,VVVLeVdJRXNlM3U3RXhLZkFXdURNVm53LnQ5b2VPbzA4ckdN,t9oeOo08rGM,2022-01-24T09:53:13Z,cdu,CDU
youtube#playlistItem,DPShfNjpYfJUXPq9mNPS9m7AdDc,VVVLeVdJRXNlM3U3RXhLZkFXdURNVm53LlliU2h6UEZfV1Zz,YbShzPF_WVs,2022-01-22T16:08:37Z,cdu,CDU
youtube#playlistItem,3iLMtHkjgV7gme-CR7UaFrjGZT8,VVVLeVdJRXNlM3U3RXhLZkFXdURNVm53LnRUMDJ4N2VVemE4,tT02x7eUza8,2022-01-22T15:10:30Z,cdu,CDU
youtube#playlistItem,PQc6Oxbijhf5s9FWLBoU7optKtI,VVVLeVdJRXNlM3U3RXhLZkFXdURNVm53LlctZnpwWndDX19J,W-fzpZwC__I,2022-01-22T15:02:56Z,cdu,CDU
youtube#playlistItem,WCMbDlBMBZZWBAZCp3g8IDBLFtA,VVVLeVdJRXNlM3U3RXhLZkFXdURNVm53LmpReUxmTjRKQUF3,jQyLfN4JAAw,2022-01-22T15:02:19Z,cdu,CDU
youtube#playlistItem,drhz8vBJ_tuUJmlYmmrxw72loU8,VVVLeVdJRXNlM3U3RXhLZkFXdURNVm53Ll9OVVJwLVpOVnlr,_NURp-ZNVyk,2022-01-22T14:38:31Z,cdu,CDU
youtube#playlistItem,f74F_2pDPyUDNXZY-oSuWOrhfJM,VVVLeVdJRXNlM3U3RXhLZkFXdURNVm53LkhMUEw5MjB0RmxB,HLPL920tFlA,2022-01-22T13:46:34Z,cdu,CDU
youtube#playlistItem,FpVidBt1LAx6MhLP0amRIHpPbEg,VVVLeVdJRXNlM3U3RXhLZkFXdURNVm53LmpJR29lMHNkajJB,jIGoe0sdj2A,2022-01-22T13:38:38Z,cdu,CDU
youtube#playlistItem,7ohaFWqfcjVmw5r1nitPjOS9CcU,VVVLeVdJRXNlM3U3RXhLZkFXdURNVm53LlM2c2pESlUxMnJz,S6sjDJU12rs,2022-01-22T13:12:05Z,cdu,CDU
youtube#playlistItem,QQFhHGvQ8TJOE3Ypp7UvYAqbUNE,VVVLeVdJRXNlM3U3RXhLZkFXdURNVm53LjFKZWtnQkVWWUpn,1JekgBEVYJg,2022-01-22T12:56:22Z,cdu,CDU
youtube#playlistItem,Ad33b1T12JJqIkJEY1qVk3RnUd0,VVVLeVdJRXNlM3U3RXhLZkFXdURNVm53LmlaQktUbW43QjdB,iZBKTmn7B7A,2022-01-22T12:40:04Z,cdu,CDU
youtube#playlistItem,54H3jDro75C520cFe2ouFpHyEYk,VVVLeVdJRXNlM3U3RXhLZkFXdURNVm53Lk1OM3h1WVhQUkpv,MN3xuYXPRJo,2022-01-22T12:20:48Z,cdu,CDU
youtube#playlistItem,UDTBQk0-GcKfYKSAVK2wk-U5OxA,VVVLeVdJRXNlM3U3RXhLZkFXdURNVm53LmFUdEpSZHJpVnB3,aTtJRdriVpw,2022-01-22T11:49:52Z,cdu,CDU
youtube#playlistItem,KfhXNOtlcTRwrvA3DuYIm8wl5so,VVVLeVdJRXNlM3U3RXhLZkFXdURNVm53LnBWSGRsUWx1amE0,pVHdlQluja4,2022-01-22T11:43:37Z,cdu,CDU
youtube#playlistItem,Na8G4wErAxzxOJJS9DZKzi4L3xk,VVVLeVdJRXNlM3U3RXhLZkFXdURNVm53LnlkZHVXeUNoV0hF,ydduWyChWHE,2022-01-22T11:32:14Z,cdu,CDU
youtube#playlistItem,pBfWwQ1fzblp27MAVHP2os_Zl_M,VVVLeVdJRXNlM3U3RXhLZkFXdURNVm53LmxzUUJqcEhsNEFz,lsQBjpHl4As,2022-01-22T09:39:37Z,cdu,CDU
youtube#playlistItem,e82KRDMjs1ZKyZ8htI8Uf6zcwqk,VVVLeVdJRXNlM3U3RXhLZkFXdURNVm53LjU1QW55TFo4OUo4,55AnyLZ89J8,2022-01-21T16:47:29Z,cdu,CDU
youtube#playlistItem,NC3yIZ0uP81pSXPFwczfd1EcWjo,VVVLeVdJRXNlM3U3RXhLZkFXdURNVm53LjViQU9pY1JOZUxv,5bAOicRNeLo,2022-01-20T10:52:00Z,cdu,CDU
youtube#playlistItem,pO0-t6Cl9nR-1AE6C30m1Y9amFk,VVVLeVdJRXNlM3U3RXhLZkFXdURNVm53LjE5dzkzQWwxNERB,19w93Al14DA,2022-01-20T10:15:06Z,cdu,CDU
youtube#playlistItem,qmf6-z-jQynq91w0gNlm-aPLl9w,VVVLeVdJRXNlM3U3RXhLZkFXdURNVm53LnhvVFE1bXE3SXBJ,xoTQ5mq7IpI,2022-01-20T10:15:02Z,cdu,CDU
youtube#playlistItem,TJL23ryhZ5df_nFfjqt5-iGwliE,VVVLeVdJRXNlM3U3RXhLZkFXdURNVm53LlZqMGlhZFNPVUJB,Vj0iadSOUBA,2022-01-20T10:14:58Z,cdu,CDU
youtube#playlistItem,rT84H9UjISeQBpXbXgN7-nkc3M8,VVVLeVdJRXNlM3U3RXhLZkFXdURNVm53Lm93YzRfSnpRZFA0,owc4_JzQdP4,2022-01-20T10:14:55Z,cdu,CDU
youtube#playlistItem,TxzzmeO5i7m8kDbJBfbf6EDfxC0,VVVLeVdJRXNlM3U3RXhLZkFXdURNVm53LlBFRFZ3R0pKcEw0,PEDVwGJJpL4,2022-01-20T10:14:52Z,cdu,CDU
youtube#playlistItem,dVody0KYzfF3mq8lo6ic5ug-r50,VVVLeVdJRXNlM3U3RXhLZkFXdURNVm53LlR1X0E1cGNVR0dn,Tu_A5pcUGGg,2022-01-20T10:14:49Z,cdu,CDU
youtube#playlistItem,lHZAw-udY25-mVxfYhamxsSdxbU,VVVLeVdJRXNlM3U3RXhLZkFXdURNVm53Llp2QUFrMTBGODNV,ZvAAk10F83U,2022-01-20T10:14:46Z,cdu,CDU
youtube#playlistItem,71uT4aHJeOG_tLwPWfoDwf95fvY,VVVLeVdJRXNlM3U3RXhLZkFXdURNVm53LnNZUkd0Mmg4U2x3,sYRGt2h8Slw,2022-01-20T10:14:41Z,cdu,CDU
youtube#playlistItem,NAfu0tRy3AWqafvo9VYlNQXpxzo,VVVLeVdJRXNlM3U3RXhLZkFXdURNVm53LkJKVlktWF9jX2FR,BJVY-X_c_aQ,2022-01-20T10:13:54Z,cdu,CDU
youtube#playlistItem,kQcp6-Yk0_OCvS-cwWLuvc0R1V8,VVVLeVdJRXNlM3U3RXhLZkFXdURNVm53LjFpbHYzSzRTZk5r,1ilv3K4SfNk,2022-01-20T07:57:07Z,cdu,CDU
youtube#playlistItem,q2N11-okw7eSHiKeHMVF0L8F2ps,VVVLeVdJRXNlM3U3RXhLZkFXdURNVm53LjkzamprY2VWMl93,93jjkceV2_w,2022-01-19T16:54:01Z,cdu,CDU
youtube#playlistItem,cFhVC0d0PteTJzhCH1gwFVpOlK0,VVVLeVdJRXNlM3U3RXhLZkFXdURNVm53LjhId0xpdDZtUUFR,8HwLit6mQAQ,2022-01-19T11:12:08Z,cdu,CDU
youtube#playlistItem,mpnxQe4RQ7jD32CWeKnL3PsL0Z4,VVVLeVdJRXNlM3U3RXhLZkFXdURNVm53Lmlub0VjdFdjcEJr,inoEctWcpBk,2022-01-19T10:16:03Z,cdu,CDU
youtube#playlistItem,PHCEor8kHaeWosxPj_DJ8TwbaLY,VVVLeVdJRXNlM3U3RXhLZkFXdURNVm53LjZNWVZMZ19FMFY0,6MYVLg_E0V4,2022-01-19T10:15:51Z,cdu,CDU
youtube#playlistItem,H4zSnWEKa2mQcEGC5eBFg8YXfHc,VVVLeVdJRXNlM3U3RXhLZkFXdURNVm53Lm01YlV3X191Vndj,m5bUw__uVwc,2022-01-19T10:10:51Z,cdu,CDU
youtube#playlistItem,Kc2VCDh8RAiLo52gya30Yyb2lM8,VVVLeVdJRXNlM3U3RXhLZkFXdURNVm53LnF3eHduX2hMUjY0,qwxwn_hLR64,2022-01-19T10:10:35Z,cdu,CDU
youtube#playlistItem,Ycm0xb9rnYcWNdCaFeq2wtak4iU,VVVLeVdJRXNlM3U3RXhLZkFXdURNVm53LnJVSjE3ckJJMmtB,rUJ17rBI2kA,2022-01-19T10:10:19Z,cdu,CDU
youtube#playlistItem,AP3n-CCX78Uiw9RQkxnvb2cz8oc,VVVLeVdJRXNlM3U3RXhLZkFXdURNVm53LjZLLWtmRUdDS3Br,6K-kfEGCKpk,2022-01-19T10:09:47Z,cdu,CDU
youtube#playlistItem,889t7fDYD0AAJJY7o0sa5YgESAw,VVVLeVdJRXNlM3U3RXhLZkFXdURNVm53Lkd3c3lXak0wbFZr,GwsyWjM0lVk,2022-01-19T10:09:31Z,cdu,CDU
youtube#playlistItem,hcfZRGyMOND4BjeFM_09pubVWRo,VVVLeVdJRXNlM3U3RXhLZkFXdURNVm53Lm1LdnBsOTh0VjdV,mKvpl98tV7U,2022-01-19T10:09:16Z,cdu,CDU
youtube#playlistItem,xZYrt6_fZelMD-CdDmC1MfcpX5g,VVVLeVdJRXNlM3U3RXhLZkFXdURNVm53LlZMREFTcmJKMXlv,VLDASrbJ1yo,2022-01-19T10:08:58Z,cdu,CDU
youtube#playlistItem,ooEAyWqmmZeHsbrCIjsD5KqQOXw,VVVLeVdJRXNlM3U3RXhLZkFXdURNVm53LlV4RGN5Q1FqMmZZ,UxDcyCQj2fY,2022-01-19T10:08:13Z,cdu,CDU
youtube#playlistItem,mB92Iytl5GQb6p7s45KBwV3mBZs,VVVLeVdJRXNlM3U3RXhLZkFXdURNVm53Lk1NS1ZrekMyWkR3,MMKVkzC2ZDw,2022-01-19T10:07:50Z,cdu,CDU
youtube#playlistItem,QGMzsBYw4Erhvrtg26wrZBmL0Lk,VVVLeVdJRXNlM3U3RXhLZkFXdURNVm53LlYyVW5Va2lwT2ZJ,V2UnUkipOfI,2022-01-19T10:07:33Z,cdu,CDU
youtube#playlistItem,kLUV4Kptz1lRjdNgkUtNajppUSQ,VVVLeVdJRXNlM3U3RXhLZkFXdURNVm53LlUtWTJRLXJFNG44,U-Y2Q-rE4n8,2022-01-19T10:07:15Z,cdu,CDU
youtube#playlistItem,7XSWQh2WE0TnRH7zsUE0oBBUs0A,VVVLeVdJRXNlM3U3RXhLZkFXdURNVm53LmNEY05sbVhVWlQw,cDcNlmXUZT0,2022-01-19T10:06:40Z,cdu,CDU
youtube#playlistItem,SEcjFILvdZXhXJyW1kGnOVkyk74,VVVLeVdJRXNlM3U3RXhLZkFXdURNVm53LkwxVm9wZ2pOaTQ0,L1VopgjNi44,2022-01-19T10:06:17Z,cdu,CDU
youtube#playlistItem,c35XqwCTb86a7_E15bJH-JWbSnk,VVVLeVdJRXNlM3U3RXhLZkFXdURNVm53LnZLQTE4OFdvOHE4,vKA188Wo8q8,2022-01-19T10:01:52Z,cdu,CDU
youtube#playlistItem,2rwASJafq7r1V27-vOKthgJXSvg,VVVLeVdJRXNlM3U3RXhLZkFXdURNVm53LjZJQ2o3NXc1LTFn,6ICj75w5-1g,2022-01-19T10:01:36Z,cdu,CDU
youtube#playlistItem,BkQ5O41PD2BKWApOpGLX5VR_68A,VVVLeVdJRXNlM3U3RXhLZkFXdURNVm53LnB0am5JRkphRTFz,ptjnIFJaE1s,2022-01-19T10:01:20Z,cdu,CDU
youtube#playlistItem,eRcpWTmtrZo1GVujrGxT5rvaKM0,VVVLeVdJRXNlM3U3RXhLZkFXdURNVm53Lk4tR042ZDFNcUF3,N-GN6d1MqAw,2022-01-19T10:01:02Z,cdu,CDU
youtube#playlistItem,7tBG5tpk_7toylPkmKGyqOv2054,VVVLeVdJRXNlM3U3RXhLZkFXdURNVm53LkhUM296MnNhc1lB,HT3oz2sasYA,2022-01-19T10:00:37Z,cdu,CDU
youtube#playlistItem,Xug6vd-AtSBFReGj1iDCMLKogEk,VVVLeVdJRXNlM3U3RXhLZkFXdURNVm53LlQwMDFCT2Z2bkc0,T001BOfvnG4,2022-01-19T10:00:14Z,cdu,CDU
youtube#playlistItem,9hmAtvYPKpc0HahMA_a54Kvo_Fo,VVVLeVdJRXNlM3U3RXhLZkFXdURNVm53LjdEQkVlVEhQcGM0,7DBEeTHPpc4,2022-01-19T09:59:51Z,cdu,CDU
youtube#playlistItem,YFVrYWa_SJvtIeAu6rNfG3Ho4iw,VVVLeVdJRXNlM3U3RXhLZkFXdURNVm53Ll9QekE3UkJlZVpz,_PzA7RBeeZs,2022-01-19T09:59:33Z,cdu,CDU
youtube#playlistItem,bmTVMCz9UsSa1cfHI01_AY9JP2E,VVVLeVdJRXNlM3U3RXhLZkFXdURNVm53LnZmQzh6ckc4WVpN,vfC8zrG8YZM,2022-01-19T09:56:55Z,cdu,CDU
youtube#playlistItem,AnDTC1tApiT67J_NQh4wOEAcHNY,VVVLeVdJRXNlM3U3RXhLZkFXdURNVm53LmtDbVJHSTFON29J,kCmRGI1N7oI,2022-01-19T09:56:22Z,cdu,CDU
youtube#playlistItem,FLRrdD9S0xxS42l0AWKBTFVxf2Y,VVVLeVdJRXNlM3U3RXhLZkFXdURNVm53LmNNU3JOUHljd01F,cMSrNPycwME,2022-01-19T09:55:35Z,cdu,CDU
youtube#playlistItem,GRdzW-t3ns4zuq8uFFfZPrRqS0I,VVVLeVdJRXNlM3U3RXhLZkFXdURNVm53LlJNRGNSTEd5TmFj,RMDcRLGyNac,2022-01-19T09:54:07Z,cdu,CDU
youtube#playlistItem,bZpY1FFebsF0FESx4020NbRbJck,VVVLeVdJRXNlM3U3RXhLZkFXdURNVm53LnQzMzNwMllsV29F,t333p2YlWoE,2022-01-19T09:53:16Z,cdu,CDU
youtube#playlistItem,4u9nSRMLU0nSO_Lq2zaTHaolZ-8,VVVLeVdJRXNlM3U3RXhLZkFXdURNVm53LkZBdHFjaXlGTGtj,FAtqciyFLkc,2022-01-19T09:52:27Z,cdu,CDU
youtube#playlistItem,5jTH1U8SdVxYid6SuahxcWZcxK4,VVVLeVdJRXNlM3U3RXhLZkFXdURNVm53LjZHZDh0bE5RNC1B,6Gd8tlNQ4-A,2022-01-19T09:51:21Z,cdu,CDU
youtube#playlistItem,bo2cnt-m-2Q7iJNcO5_RB8JFEDM,VVVLeVdJRXNlM3U3RXhLZkFXdURNVm53LnpOOVpkTWlSUExN,zN9ZdMiRPLM,2022-01-19T09:51:02Z,cdu,CDU
youtube#playlistItem,F4_zX9nVz1vuqCE0vjFPgRBFbMM,VVVLeVdJRXNlM3U3RXhLZkFXdURNVm53LlNoSkQtZkhidWg4,ShJD-fHbuh8,2022-01-19T09:50:02Z,cdu,CDU
youtube#playlistItem,GqDvKTKbeyOM0XvJ34mmgwB-pmo,VVVLeVdJRXNlM3U3RXhLZkFXdURNVm53LnRQM09fZVFNUmE4,tP3O_eQMRa8,2022-01-19T09:49:44Z,cdu,CDU
youtube#playlistItem,OQIETi8OutezI7NSDx50rgf60lk,VVVLeVdJRXNlM3U3RXhLZkFXdURNVm53LmYtQTl5VGZRSzJr,f-A9yTfQK2k,2022-01-19T09:48:57Z,cdu,CDU
youtube#playlistItem,d8wlTtA_H3TOVP6cRr3uebnM49E,VVVLeVdJRXNlM3U3RXhLZkFXdURNVm53LmJiY2p6Tk50dmVv,bbcjzNNtveo,2022-01-19T09:48:22Z,cdu,CDU
youtube#playlistItem,TbSKC5PaNWgpRuQ4gSe1q9eZFU8,VVVLeVdJRXNlM3U3RXhLZkFXdURNVm53LmNfMnNNZ2IybDln,c_2sMgb2l9g,2022-01-19T09:48:06Z,cdu,CDU
youtube#playlistItem,kJVZMaVFaIoXe1VdnNSY6-Pslx4,VVVLeVdJRXNlM3U3RXhLZkFXdURNVm53LngzWmpXdGhnU19J,x3ZjWthgS_I,2022-01-10T12:50:32Z,cdu,CDU
youtube#playlistItem,aN0NhiENCbmk9Gfv_PTvVYPW6jA,VVVLeVdJRXNlM3U3RXhLZkFXdURNVm53LjYwZG5NYTRkWmln,60dnMa4dZig,2022-01-05T09:43:43Z,cdu,CDU
youtube#playlistItem,6AbGlEKjrLFcz5hQi-f_qcitrkA,VVVTbWJLMVd0cFluMnNPR0x2U1NYa0t3LkhRME5kZVQ2WWxV,HQ0NdeT6YlU,2022-01-22T17:38:40Z,spd,SPD
youtube#playlistItem,hSr6viZXy28TERMJeHjfXBQWrvg,VVVTbWJLMVd0cFluMnNPR0x2U1NYa0t3LkQzd2ZWWF9HUG93,D3wfVX_GPow,2022-01-22T15:30:32Z,spd,SPD
youtube#playlistItem,T7g7C06QRW4fzHVj9oYZoFKeHco,VVVTbWJLMVd0cFluMnNPR0x2U1NYa0t3Ll93MEVILTRkUXZv,_w0EH-4dQvo,2022-01-21T18:45:27Z,spd,SPD
youtube#playlistItem,NEUxX4UF-_aIffG_aBbydG8qFbM,VVVTbWJLMVd0cFluMnNPR0x2U1NYa0t3LkRGZ09UUlpJSDNj,DFgOTRZIH3c,2022-01-13T14:59:10Z,spd,SPD
youtube#playlistItem,xf9jgmm0srYFDna8KWlQXvqZRqQ,VVU3VEFBMldZbFBmYjZlREpDZVg0dTB3Lmw4X3dRaU9Zdlhv,l8_wQiOYvXo,2022-01-29T18:55:29Z,gruene,Bündnis 90/Die Grünen
youtube#playlistItem,BMy3dortpvhaqdTcVRTyASy8W_Y,VVU3VEFBMldZbFBmYjZlREpDZVg0dTB3LkN5OHIwX3NuT0dN,Cy8r0_snOGM,2022-01-29T18:53:52Z,gruene,Bündnis 90/Die Grünen
youtube#playlistItem,rpA9LCb02nOIX-lrwSu4Cwcdjts,VVU3VEFBMldZbFBmYjZlREpDZVg0dTB3LnBpSE1SSVhNNU1n,piHMRIXM5Mg,2022-01-29T17:01:05Z,gruene,Bündnis 90/Die Grünen
youtube#playlistItem,mLyrFBsoTbIT-O-FaDY-dYp8waE,VVU3VEFBMldZbFBmYjZlREpDZVg0dTB3LmUtM3pOY1o3TVFz,e-3zNcZ7MQs,2022-01-29T16:33:38Z,gruene,Bündnis 90/Die Grünen
youtube#playlistItem,F3Wdfb64Pi-m6fSydkH0dxLZjug,VVU3VEFBMldZbFBmYjZlREpDZVg0dTB3LmtzT3JlNnYwUkw0,ksOre6v0RL4,2022-01-29T15:42:52Z,gruene,Bündnis 90/Die Grünen
youtube#playlistItem,5B47FPrx5Pk8FFewGsfFL6a_o3I,VVU3VEFBMldZbFBmYjZlREpDZVg0dTB3LllZOUY2Q0NGYW5B,YY9F6CCFanA,2022-01-29T00:23:19Z,gruene,Bündnis 90/Die Grünen
youtube#playlistItem,Eevozy5E-CThGWOKYVBrV-BB5i4,VVU3VEFBMldZbFBmYjZlREpDZVg0dTB3LkVQUTlCWnZ2YkdF,EPQ9BZvvbGE,2022-01-28T21:46:59Z,gruene,Bündnis 90/Die Grünen
youtube#playlistItem,u4XSd6TUBuk6QGncvQ_TjtfKzlU,VVU3VEFBMldZbFBmYjZlREpDZVg0dTB3Lm5kcEtSNG5RZWlF,ndpKR4nQeiE,2022-01-28T21:45:47Z,gruene,Bündnis 90/Die Grünen
youtube#playlistItem,2VEEYbMiEx_iX7Or6V_WJOiN2Po,VVU3VEFBMldZbFBmYjZlREpDZVg0dTB3LkN3ZUk2cGpUN1Bz,CweI6pjT7Ps,2022-01-28T20:44:35Z,gruene,Bündnis 90/Die Grünen
youtube#playlistItem,cifC7PHFAAxXFooTM_n0V2E_veU,VVU3VEFBMldZbFBmYjZlREpDZVg0dTB3LmZHX2JseUNieUkw,fG_blyCbyI0,2022-01-28T20:21:45Z,gruene,Bündnis 90/Die Grünen
youtube#playlistItem,UBSauglaQ4sfpGEYh1ITW76_Uno,VVU3VEFBMldZbFBmYjZlREpDZVg0dTB3LmJmR0did1RzLTg4,bfGGbwTs-88,2022-01-28T19:24:32Z,gruene,Bündnis 90/Die Grünen
youtube#playlistItem,EAIFi9-cwIc_7ENlDgXB5IxUXDE,VVU3VEFBMldZbFBmYjZlREpDZVg0dTB3LjVNRnBybHE3X3dv,5MFprlq7_wo,2022-01-28T18:52:15Z,gruene,Bündnis 90/Die Grünen
youtube#playlistItem,fFM866lGhFfHiVSm24A5GTd5eGA,VVU3VEFBMldZbFBmYjZlREpDZVg0dTB3LllYOHhDZzBTYmlJ,YX8xCg0SbiI,2022-01-28T18:41:09Z,gruene,Bündnis 90/Die Grünen
youtube#playlistItem,-O_QTx26bM6wZ4f-_z0yiWMDxxo,VVU3VEFBMldZbFBmYjZlREpDZVg0dTB3LjJkcWlKVWdPdEhF,2dqiJUgOtHE,2022-01-28T18:30:01Z,gruene,Bündnis 90/Die Grünen
youtube#playlistItem,ymHj1u2v3x0xMQd0jyujpt7UlEM,VVU3VEFBMldZbFBmYjZlREpDZVg0dTB3Lmh0LWl1LUNzODVV,ht-iu-Cs85U,2022-01-28T18:24:21Z,gruene,Bündnis 90/Die Grünen
youtube#playlistItem,_ZTQ1uuHHXra2t99z62sbd5YQ3U,VVU3VEFBMldZbFBmYjZlREpDZVg0dTB3Lm5UM0xoc3ZaYmVJ,nT3LhsvZbeI,2022-01-27T12:24:38Z,gruene,Bündnis 90/Die Grünen
youtube#playlistItem,jeCr_YGz82BpOpzWopi11MPpCPc,VVU3VEFBMldZbFBmYjZlREpDZVg0dTB3Lk1XTk1IWXVyc0hJ,MWNMHYursHI,2022-01-26T17:25:35Z,gruene,Bündnis 90/Die Grünen
youtube#playlistItem,1kiee31vuchy8a5l0VQAviBdwT4,VVUtc01rcmZvUURILXh6TXhQTmNrR0Z3LllIN1lSNmZzV2p3,YH7YR6fsWjw,2022-01-24T13:14:44Z,fdp,FDP
youtube#playlistItem,rqdmtetSvPt3vZiCTXj0hbcWgOU,VVUtc01rcmZvUURILXh6TXhQTmNrR0Z3LllGTkswNDRWZk5v,YFNK044VfNo,2022-01-21T23:00:25Z,fdp,FDP
youtube#playlistItem,Fx4TY8DjCTwehWaTIXYiw-IgPCg,VVUtc01rcmZvUURILXh6TXhQTmNrR0Z3LjlLWXpPdlJoUFBJ,9KYzOvRhPPI,2022-01-18T09:23:12Z,fdp,FDP
youtube#playlistItem,M9eHVLqvUwOz8JeIY0g0MqxTLL0,VVUtc01rcmZvUURILXh6TXhQTmNrR0Z3LmxRTlN0NllhRThv,lQNSt6YaE8o,2022-01-18T09:23:08Z,fdp,FDP
youtube#playlistItem,h0m_3L-q_sidN4MMSvuq9W9x3dk,VVUtc01rcmZvUURILXh6TXhQTmNrR0Z3LjdmMHFGa29sdWE4,7f0qFkolua8,2022-01-18T09:23:01Z,fdp,FDP
youtube#playlistItem,3wVY_9eLPRE4bGmazcPQ1phxGXw,VVUtc01rcmZvUURILXh6TXhQTmNrR0Z3LlZTTmE0RlFqZW9R,VSNa4FQjeoQ,2022-01-18T09:22:56Z,fdp,FDP
youtube#playlistItem,sbG4nQAvU36hqBsUQWYYdyiiShE,VVUtc01rcmZvUURILXh6TXhQTmNrR0Z3LjdvdnU2Q3Q1MVk4,7ovu6Ct51Y8,2022-01-07T14:23:12Z,fdp,FDP
youtube#playlistItem,ukuCrMgrAB0iWj4ZYlat0HPGSnU,VVUtc01rcmZvUURILXh6TXhQTmNrR0Z3Ljg5QjdMc1Exa3hB,89B7LsQ1kxA,2022-01-06T15:58:54Z,fdp,FDP
youtube#playlistItem,uABn03KAbV5ZTVjxJDlfWU3nxL4,VVUtc01rcmZvUURILXh6TXhQTmNrR0Z3LnhYaWs1QXFPQWRJ,xXik5AqOAdI,2022-01-06T15:51:13Z,fdp,FDP
youtube#playlistItem,7z4XJ5xfRmqBZy9Qd-47L6_wqJY,VVUtc01rcmZvUURILXh6TXhQTmNrR0Z3LklPU2FMUGk3NGQ4,IOSaLPi74d8,2022-01-06T15:44:08Z,fdp,FDP
youtube#playlistItem,kc0LxTgffyRx0nlKaSvuagxPd18,VVUtc01rcmZvUURILXh6TXhQTmNrR0Z3LlVsOXU4dVhzU2Zn,Ul9u8uXsSfg,2022-01-06T15:29:57Z,fdp,FDP
youtube#playlistItem,Mv0C7N1-O99mmel9DgCBtYositY,VVUtc01rcmZvUURILXh6TXhQTmNrR0Z3Lk5MekFSM2JNNmpZ,NLzAR3bM6jY,2022-01-06T13:12:46Z,fdp,FDP
youtube#playlistItem,bYSQ-J_jyKhiXoclSvPwi1aRaMM,VVUtc01rcmZvUURILXh6TXhQTmNrR0Z3LjFxeVR6V1FCcEJj,1qyTzWQBpBc,2022-01-06T13:12:41Z,fdp,FDP
youtube#playlistItem,lnDtpRgfPVqirLTp--tI1VxDXAI,VVUtc01rcmZvUURILXh6TXhQTmNrR0Z3LjBUU0ZwYlhpT09R,0TSFpbXiOOQ,2022-01-06T13:12:37Z,fdp,FDP
youtube#playlistItem,4cnMaqj25CLHCdtlGiCwOdu-HSY,VVUtc01rcmZvUURILXh6TXhQTmNrR0Z3LjI5a3ZqMEdFYTlv,29kvj0GEa9o,2022-01-06T13:12:34Z,fdp,FDP
youtube#playlistItem,vC1S_0uj4bgePr1X6GxJBjnPB5E,VVUtc01rcmZvUURILXh6TXhQTmNrR0Z3Lkt1cG9veENoa3R3,KupooxChktw,2022-01-06T12:35:23Z,fdp,FDP
youtube#playlistItem,Tg1k9v6xr5Ln_ykL1qGvkh0ooPY,VVVxMnJvZ2F4THRRRnJZRzNYM0tZTnd3LkJuRmc1TF9keE9J,BnFg5L_dxOI,2022-01-31T17:00:50Z,afd,AfD
youtube#playlistItem,ED1lql8bG9TxfdJcJ2VMP-fjUFs,VVVxMnJvZ2F4THRRRnJZRzNYM0tZTnd3LlRxaU5Tb2RadFRF,TqiNSodZtTE,2022-01-31T14:25:09Z,afd,AfD
youtube#playlistItem,3cCUh0-TVItJkdxVxrnvtgw7mSk,VVVxMnJvZ2F4THRRRnJZRzNYM0tZTnd3LlZXd0tsUVYzeHJZ,VWwKlQV3xrY,2022-01-31T14:00:26Z,afd,AfD
youtube#playlistItem,QMvSqznm3FEKqQfgTwYFclIKjlI,VVVxMnJvZ2F4THRRRnJZRzNYM0tZTnd3Li1kR2FEV2NxM0Iw,-dGaDWcq3B0,2022-01-31T11:00:36Z,afd,AfD
youtube#playlistItem,QDarwEQ24Kyc3uL69NhWErmi1_I,VVVxMnJvZ2F4THRRRnJZRzNYM0tZTnd3LlMtS1BKTzhzeEkw,S-KPJO8sxI0,2022-01-30T18:00:32Z,afd,AfD
youtube#playlistItem,X9AhNABza6pe5DAOadvDJjw4pDI,VVVxMnJvZ2F4THRRRnJZRzNYM0tZTnd3LnNrbERJZ3Vjamkw,sklDIgucji0,2022-01-29T18:00:44Z,afd,AfD
youtube#playlistItem,P-_ywf6I2naHbhOWpzftU2u8XGM,VVVxMnJvZ2F4THRRRnJZRzNYM0tZTnd3LnZ3aVNHTUxiaTJ3,vwiSGMLbi2w,2022-01-29T12:00:27Z,afd,AfD
youtube#playlistItem,UO5__Scee7XongDHzeaIGCscVTY,VVVxMnJvZ2F4THRRRnJZRzNYM0tZTnd3LkdYVlA2U1ZOS2VJ,GXVP6SVNKeI,2022-01-28T18:00:07Z,afd,AfD
youtube#playlistItem,UaSQlleoR7JYdOsxDv2-D3ODvKo,VVVxMnJvZ2F4THRRRnJZRzNYM0tZTnd3LnFCa3FFcmszNkVB,qBkqErk36EA,2022-01-28T13:15:05Z,afd,AfD
youtube#playlistItem,6qaYdDQdxQRKLhE8xmUyzE3N9qw,VVVxMnJvZ2F4THRRRnJZRzNYM0tZTnd3LmR3QXNCV2ZxejNZ,dwAsBWfqz3Y,2022-01-28T09:41:32Z,afd,AfD
youtube#playlistItem,fbMrWhLRRwngrrfE2zBhXMhzIMw,VVVxMnJvZ2F4THRRRnJZRzNYM0tZTnd3Llg5cExFYm9jVzd3,X9pLEbocW7w,2022-01-27T17:00:45Z,afd,AfD
youtube#playlistItem,UC3vesv0xXgmYgSpoRd_FfIRr6E,VVVxMnJvZ2F4THRRRnJZRzNYM0tZTnd3Ljdpbll3NjNtVWdj,7inYw63mUgc,2022-01-27T14:00:26Z,afd,AfD
youtube#playlistItem,oS7TFUA_YSwoqidVSd09I0KvFl8,VVVxMnJvZ2F4THRRRnJZRzNYM0tZTnd3Lld4Ukgwb3UwN1hV,WxRH0ou07XU,2022-01-27T12:04:17Z,afd,AfD
youtube#playlistItem,em-8Wg6CFCumg-DrnKMRF79cmV4,VVVxMnJvZ2F4THRRRnJZRzNYM0tZTnd3LmhpdzI1UzhnRWdz,hiw25S8gEgs,2022-01-27T11:12:54Z,afd,AfD
youtube#playlistItem,SCqKGcJyvstLeixzE9NtHyXxwJU,VVVxMnJvZ2F4THRRRnJZRzNYM0tZTnd3LkhaV2h5ZWdBZFpv,HZWhyegAdZo,2022-01-26T15:43:45Z,afd,AfD
youtube#playlistItem,ohMPu7PiWFE2kimYImda7DLhF9E,VVVxMnJvZ2F4THRRRnJZRzNYM0tZTnd3LnJzUzAySm5oNlU0,rsS02Jnh6U4,2022-01-26T14:31:23Z,afd,AfD
youtube#playlistItem,u6UjVhtgPt0nG0BlxCg_M3_rCVE,VVVxMnJvZ2F4THRRRnJZRzNYM0tZTnd3LlNjSFR5RVBTWTBF,ScHTyEPSY0E,2022-01-26T09:52:35Z,afd,AfD
youtube#playlistItem,HUJNn57gJF7-QG2hED8_QaJMOr0,VVVxMnJvZ2F4THRRRnJZRzNYM0tZTnd3Lk02a3dpbkZpZV9Z,M6kwinFie_Y,2022-01-25T17:30:10Z,afd,AfD
youtube#playlistItem,ZIUJA8NbdnVhk9n9g4CWZHUUnPw,VVVxMnJvZ2F4THRRRnJZRzNYM0tZTnd3LnBROGNrNjVaZTZJ,pQ8ck65Ze6I,2022-01-25T11:01:04Z,afd,AfD
youtube#playlistItem,4Io01RTbKe13qtVaCGF5Nse1WSM,VVVxMnJvZ2F4THRRRnJZRzNYM0tZTnd3LlNzT3FaVlgzR21v,SsOqZVX3Gmo,2022-01-24T14:28:08Z,afd,AfD
youtube#playlistItem,X2FiaQl4S0VCJS886s-JHghtD4E,VVVxMnJvZ2F4THRRRnJZRzNYM0tZTnd3LjVBQlRQS2NjZDEw,5ABTPKccd10,2022-01-24T09:45:11Z,afd,AfD
youtube#playlistItem,JHxFycF4n3LizsVb0fMA2Rxi7-0,VVVxMnJvZ2F4THRRRnJZRzNYM0tZTnd3Lmo5Um83Mkg5VDhv,j9Ro72H9T8o,2022-01-21T12:47:01Z,afd,AfD
youtube#playlistItem,ZYQnC4JGqcbRurGNmF78SrFOG8I,VVVxMnJvZ2F4THRRRnJZRzNYM0tZTnd3LnRRUHZvbW9qeE9V,tQPvomojxOU,2022-01-21T12:09:38Z,afd,AfD
youtube#playlistItem,AtCV7kL8cQrpmqzKkxWgXX5b6aQ,VVVxMnJvZ2F4THRRRnJZRzNYM0tZTnd3LjM1cjFMR19TLWxJ,35r1LG_S-lI,2022-01-21T08:50:43Z,afd,AfD
youtube#playlistItem,HJuH7v1Kt93-AjoWTR2dgrQI2Nk,VVVxMnJvZ2F4THRRRnJZRzNYM0tZTnd3LldtVnZVQms0Qm1N,WmVvUBk4BmM,2022-01-20T15:03:09Z,afd,AfD
youtube#playlistItem,YYNPM66hSsakU2ORuL1fVcfsk2k,VVVxMnJvZ2F4THRRRnJZRzNYM0tZTnd3LkJZZjRMOXBoM2hj,BYf4L9ph3hc,2022-01-20T11:24:41Z,afd,AfD
youtube#playlistItem,9duOHWALL44PgdJB2dfX-BDgMYc,VVVxMnJvZ2F4THRRRnJZRzNYM0tZTnd3Lndpenh6VXNqbjU4,wizxzUsjn58,2022-01-20T07:24:29Z,afd,AfD
youtube#playlistItem,eh-zUXSFW1bvnwTcKicrN8An8fA,VVVxMnJvZ2F4THRRRnJZRzNYM0tZTnd3LkZsWmdzcFlid1NR,FlZgspYbwSQ,2022-01-19T13:53:15Z,afd,AfD
youtube#playlistItem,D_0_2826cfQpJ7xXKTbKfUKu6TM,VVVxMnJvZ2F4THRRRnJZRzNYM0tZTnd3Lkx3M0p4VnU4eS1z,Lw3JxVu8y-s,2022-01-19T08:10:13Z,afd,AfD
youtube#playlistItem,ioGIyRHE1pxMy1LncCsraiC6tmM,VVVxMnJvZ2F4THRRRnJZRzNYM0tZTnd3LjY5VWdVLVc4cnhF,69UgU-W8rxE,2022-01-18T14:04:24Z,afd,AfD
youtube#playlistItem,xTI_yo7-0PFyLZR5I8JtAXYxaUY,VVVxMnJvZ2F4THRRRnJZRzNYM0tZTnd3LlkwNWZmVS1QZVVr,Y05ffU-PeUk,2022-01-17T14:17:55Z,afd,AfD
youtube#playlistItem,xO2LJRrgFlFVXwpa5atI_ZtIjng,VVVxMnJvZ2F4THRRRnJZRzNYM0tZTnd3LmFuUXc4WVZPZ2g4,anQw8YVOgh8,2022-01-17T10:11:00Z,afd,AfD
youtube#playlistItem,Jd4NufEOA5P2crEJImnVMgRp6JY,VVVxMnJvZ2F4THRRRnJZRzNYM0tZTnd3Lmc4em50Y2NaQ1JR,g8zntccZCRQ,2022-01-14T16:25:24Z,afd,AfD
youtube#playlistItem,JdZ2PxrX00hiATUu3MqQyLTP05M,VVVxMnJvZ2F4THRRRnJZRzNYM0tZTnd3LlBEUnRTR2NLWW9j,PDRtSGcKYoc,2022-01-14T13:36:43Z,afd,AfD
youtube#playlistItem,1JrmOKW4az6ISQb0tiPqGVpfwos,VVVxMnJvZ2F4THRRRnJZRzNYM0tZTnd3LnN5MWU1N2RZMm5J,sy1e57dY2nI,2022-01-14T11:00:54Z,afd,AfD
youtube#playlistItem,1K3f6ci-2Lf7Q1ldLThY-LgduHE,VVVxMnJvZ2F4THRRRnJZRzNYM0tZTnd3LnVNYktQYk5ZVlk4,uMbKPbNYVY8,2022-01-13T10:11:19Z,afd,AfD
youtube#playlistItem,cWVl9MIvAIv6XpG3bNynP4zP_vw,VVVxMnJvZ2F4THRRRnJZRzNYM0tZTnd3LnB0OG5OOGhLdmtz,pt8nN8hKvks,2022-01-12T15:44:54Z,afd,AfD
youtube#playlistItem,yLwroIEudJ9Bu5D6_iXMsiPfuas,VVVxMnJvZ2F4THRRRnJZRzNYM0tZTnd3LldSRVMxNzBBY1BJ,WRES170AcPI,2022-01-11T08:36:12Z,afd,AfD
youtube#playlistItem,alPP43SgPrSamgFDosWVryYoFpQ,VVVxMnJvZ2F4THRRRnJZRzNYM0tZTnd3LlRmci1aTTNoSS1J,Tfr-ZM3hI-I,2022-01-10T13:23:12Z,afd,AfD
youtube#playlistItem,Y5oqoov6VTAyUx8y5D3q7sEsB3o,VVVxMnJvZ2F4THRRRnJZRzNYM0tZTnd3LkJxWkNaVnYydXpR,BqZCZVv2uzQ,2022-01-07T14:06:49Z,afd,AfD
youtube#playlistItem,AH5CxElqsHTfvQI3FP_XOs7iOqI,VVVxMnJvZ2F4THRRRnJZRzNYM0tZTnd3LlZmZFZKODNlZnkw,VfdVJ83efy0,2022-01-07T12:42:15Z,afd,AfD
youtube#playlistItem,mEQ-7waRFCB8g4R0OFrqglPpLYM,VVVxMnJvZ2F4THRRRnJZRzNYM0tZTnd3LjRHU0lZTGlVWUhr,4GSIYLiUYHk,2022-01-07T10:11:13Z,afd,AfD
youtube#playlistItem,ngUBAYb6PUDLJfSh7ctn3ZyLjwc,VVVxMnJvZ2F4THRRRnJZRzNYM0tZTnd3LlNwck1jZ2ZncVlJ,SprMcgfgqYI,2022-01-06T10:18:48Z,afd,AfD
youtube#playlistItem,LnFUCWoGmisey8tkiQq_szHWRQ8,VVVxMnJvZ2F4THRRRnJZRzNYM0tZTnd3Ll9XRUpzNmlxVzVF,_WEJs6iqW5E,2022-01-05T08:43:52Z,afd,AfD
youtube#playlistItem,1x8ZqVf3Khw7WcDihqbourpH8jc,VVVxMnJvZ2F4THRRRnJZRzNYM0tZTnd3LnprdVJQWFlZaXdB,zkuRPXYYiwA,2022-01-04T13:14:53Z,afd,AfD
youtube#playlistItem,_uvdULOuYZfC2KYNYavOxAMhrlw,VVVBOTVUNWJTR3hOT0FPREJkYlIycllRLjhZVHpNQkZhTEJz,8YTzMBFaLBs,2022-01-31T13:20:48Z,linke,DIE LINKE
youtube#playlistItem,Rv0v29Of-x83uSTOAq6w1r9QGyE,VVVBOTVUNWJTR3hOT0FPREJkYlIycllRLm1JdVQxdUhpWFhn,mIuT1uHiXXg,2022-01-26T10:18:22Z,linke,DIE LINKE
youtube#playlistItem,5HY4LfDO7Bo-TAgHVFQZ2J6TpQ4,VVVBOTVUNWJTR3hOT0FPREJkYlIycllRLnZ6MTNGcEJmTDFj,vz13FpBfL1c,2022-01-24T12:28:50Z,linke,DIE LINKE
youtube#playlistItem,VyL-nWKuPijQePfajgnpq9VQWAg,VVVBOTVUNWJTR3hOT0FPREJkYlIycllRLllXM0hQYU45YlY4,YW3HPaN9bV8,2022-01-17T12:36:06Z,linke,DIE LINKE
youtube#playlistItem,3QyFuOmkHJ1eOqb6uEQjnN7Rot8,VVVBOTVUNWJTR3hOT0FPREJkYlIycllRLjQ4RUJ2R0FuWE9N,48EBvGAnXOM,2022-01-15T10:52:04Z,linke,DIE LINKE
youtube#playlistItem,glqW4ahcLb1XK1ww6JtzxwWqBno,VVVBOTVUNWJTR3hOT0FPREJkYlIycllRLm41VnExZmZabUxR,n5Vq1ffZmLQ,2022-01-11T17:13:51Z,linke,DIE LINKE
